"","Built","n","prop"
"1","3.4.0",1,0.00448430493273543
"2","3.4.1",31,0.139013452914798
"3","3.4.2",157,0.704035874439462
"4","3.4.3",34,0.152466367713004
